{
    "Accepted": {
        "Accepted": {
            "A2": {
                "loc": 1.0,
                "scale": 176.6320241691843,
                "lambda": 0.005661487517360755
            },
            "V3": {
                "loc": 1.0,
                "scale": 61.455509355509356,
                "lambda": 0.016271934127421762
            },
            "C1": {
                "loc": 1.0,
                "scale": 110.19503546099291,
                "lambda": 0.00907481898632341
            },
            "E1": {
                "loc": 1.0,
                "scale": 54.282797858099066,
                "lambda": 0.01842204233123917
            },
            "nan": {
                "loc": 1.0,
                "scale": 161.76317109884596,
                "lambda": 0.006181876833936116
            },
            "D1": {
                "loc": 1.0,
                "scale": 77.6986301369863,
                "lambda": 0.012870239774330043
            }
        },
        "Queued": {
            "A2": {
                "loc": 1.0,
                "scale": 100.91404011461319,
                "lambda": 0.009909423890513643
            },
            "V3": {
                "loc": 1.0,
                "scale": 57.66814159292036,
                "lambda": 0.017340596946213458
            },
            "C1": {
                "loc": 1.0,
                "scale": 127.5,
                "lambda": 0.00784313725490196
            },
            "E1": {
                "loc": 1.0,
                "scale": 48.47098976109215,
                "lambda": 0.02063089705675257
            },
            "nan": {
                "loc": 1.0,
                "scale": 152.8575,
                "lambda": 0.006542040789624324
            },
            "D1": {
                "loc": 1.0,
                "scale": 38.18604651162791,
                "lambda": 0.026187576126674786
            }
        },
        "Completed": {
            "A2": {
                "loc": 1.0,
                "scale": 199.45,
                "lambda": 0.005013787916771121
            },
            "V3": {
                "loc": 1.0,
                "scale": 130.34715525554483,
                "lambda": 0.007671820670267071
            },
            "nan": {
                "loc": 1.0,
                "scale": 209.475,
                "lambda": 0.004773839360305526
            },
            "C1": {
                "loc": 1.0,
                "scale": 392.3809523809524,
                "lambda": 0.002548543689320388
            },
            "E1": {
                "loc": 1.0,
                "scale": 104.20744680851064,
                "lambda": 0.009596243172885509
            },
            "D1": {
                "loc": 1.0,
                "scale": 209.37777777777777,
                "lambda": 0.004776056039057525
            }
        }
    },
    "Queued": {
        "Accepted": {
            "A2": {
                "loc": 1.0,
                "scale": 69.56411306841458,
                "lambda": 0.01437522820159476
            },
            "V3": {
                "loc": 1.0,
                "scale": 40.382578664620105,
                "lambda": 0.024763153643680456
            },
            "C1": {
                "loc": 1.0,
                "scale": 69.43846153846154,
                "lambda": 0.014401240722277612
            },
            "E1": {
                "loc": 1.0,
                "scale": 38.80790568654646,
                "lambda": 0.025767945533496543
            },
            "nan": {
                "loc": 1.0,
                "scale": 97.77755511022045,
                "lambda": 0.010227296017708182
            },
            "D1": {
                "loc": 1.0,
                "scale": 18.119318181818183,
                "lambda": 0.055189714644089054
            }
        },
        "Queued": {
            "nan": {
                "loc": 1.0,
                "scale": 55.4011544011544,
                "lambda": 0.018050165394733416
            },
            "A2": {
                "loc": 1.0,
                "scale": 157.56512605042016,
                "lambda": 0.006346582045572726
            },
            "C1": {
                "loc": 1.0,
                "scale": 148.3728813559322,
                "lambda": 0.0067397761023532095
            },
            "E1": {
                "loc": 1.0,
                "scale": 72.87228915662651,
                "lambda": 0.013722637391706897
            },
            "V3": {
                "loc": 1.0,
                "scale": 46.64214463840399,
                "lambda": 0.021439837463576337
            },
            "D1": {
                "loc": 1.0,
                "scale": 24.29032258064516,
                "lambda": 0.04116865869853918
            }
        },
        "Completed": {
            "E1": {
                "loc": 1.0,
                "scale": 192.2962962962963,
                "lambda": 0.005200308166409861
            },
            "A2": {
                "loc": 2.0,
                "scale": 447.2307692307692,
                "lambda": 0.002235982112143103
            },
            "nan": {
                "loc": 1.0,
                "scale": 193.9,
                "lambda": 0.005157297576070139
            },
            "V3": {
                "loc": 1.0,
                "scale": 107.20454545454545,
                "lambda": 0.009327962688149248
            }
        }
    },
    "Completed": {
        "Queued": {
            "A2": {
                "loc": 1.0,
                "scale": 94.04255319148936,
                "lambda": 0.010633484162895928
            },
            "nan": {
                "loc": 1.0,
                "scale": 70.9,
                "lambda": 0.014104372355430182
            },
            "V3": {
                "loc": 1.0,
                "scale": 55.51851851851852,
                "lambda": 0.01801200800533689
            },
            "E1": {
                "loc": 1.0,
                "scale": 74.41558441558442,
                "lambda": 0.013438045375218149
            }
        },
        "Completed": {
            "A2": {
                "loc": 1.0,
                "scale": 107.47212663454921,
                "lambda": 0.009304738180164834
            },
            "V3": {
                "loc": 1.0,
                "scale": 119.20282352941176,
                "lambda": 0.008389063030484869
            },
            "nan": {
                "loc": 2.0,
                "scale": 143.75295857988166,
                "lambda": 0.006956378566944853
            },
            "C1": {
                "loc": 8.0,
                "scale": 137.63333333333333,
                "lambda": 0.007265681763138775
            },
            "E1": {
                "loc": 1.0,
                "scale": 141.98224852071007,
                "lambda": 0.007043133986247134
            },
            "D1": {
                "loc": 7.0,
                "scale": 156.60106382978722,
                "lambda": 0.006385652661254714
            }
        },
        "Accepted": {
            "V3": {
                "loc": 1.0,
                "scale": 100.60474308300395,
                "lambda": 0.009939889207559031
            },
            "nan": {
                "loc": 1.0,
                "scale": 72.85,
                "lambda": 0.013726835964310227
            },
            "A2": {
                "loc": 1.0,
                "scale": 98.73239436619718,
                "lambda": 0.010128388017118403
            },
            "D1": {
                "loc": 1.0,
                "scale": 115.1,
                "lambda": 0.008688097306689836
            },
            "E1": {
                "loc": 1.0,
                "scale": 86.6867469879518,
                "lambda": 0.011535788742182071
            }
        },
        "Unmatched": {
            "V3": {
                "loc": 23.0,
                "scale": 60.0,