{
    "A2": 363.02312043889475,
    "C1": 14.826855612769041,
    "D1": 79.34932943353883,
    "E1": 282.3212957913354,
    "V3": 452.18816625515024,
    "nan": 248.29123246831207
}