{
    "Accepted": {
        "Accepted": {
            "A2": {
                "loc": 0.0,
                "scale": 64.25814207650274,
                "lambda": 0.015562230212156566
            },
            "V3": {
                "loc": 0.0,
                "scale": 16.440157609587917,
                "lambda": 0.060826667465572165
            },
            "C1": {
                "loc": 0.0,
                "scale": 44.73181169757489,
                "lambda": 0.022355454922345887
            },
            "E1": {
                "loc": 0.0,
                "scale": 20.06376776387708,
                "lambda": 0.049841087265792894
            },
            "nan": {
                "loc": 0.0,
                "scale": 57.967655468191566,
                "lambda": 0.01725099957766495
            },
            "D1": {
                "loc": 0.0,
                "scale": 29.05183312262958,
                "lambda": 0.03442123585726719
            }
        },
        "Queued": {
            "A2": {
                "loc": 0.0,
                "scale": 15.675628029969149,
                "lambda": 0.06379329734592892
            },
            "V3": {
                "loc": 0.0,
                "scale": 8.486665244292725,
                "lambda": 0.11783191291449832
            },
            "C1": {
                "loc": 0.0,
                "scale": 23.77935943060498,
                "lambda": 0.042053277461837776
            },
            "E1": {
                "loc": 0.0,
                "scale": 8.833028641072517,
                "lambda": 0.11321145222490514
            },
            "nan": {
                "loc": 0.0,
                "scale": 23.1887716654107,
                "lambda": 0.04312431958143087
            },
            "D1": {
                "loc": 0.0,
                "scale": 4.926900584795321,
                "lambda": 0.2029673590504451
            }
        },
        "Completed": {
            "A2": {
                "loc": 0.0,
                "scale": 74.72916666666667,
                "lambda": 0.013381655979927515
            },
            "V3": {
                "loc": 0.0,
                "scale": 30.998406918525262,
                "lambda": 0.0322597223343881
            },
            "nan": {
                "loc": 0.0,
                "scale": 75.26564495530013,
                "lambda": 0.0132862742436326
            },
            "C1": {
                "loc": 0.0,
                "scale": 258.15625,
                "lambda": 0.003873623048057136
            },
            "E1": {
                "loc": 0.0,
                "scale": 35.83152173913044,
                "lambda": 0.027908387683907174
            },
            "D1": {
                "loc": 0.0,
                "scale": 140.5990099009901,
                "lambda": 0.007112425618816239
            }
        }
    },
    "Unmatched": {
        "Accepted": {
            "V3": {
                "loc": 0.0,
                "scale": 0.0,
                "lambda": 0
            },
            "E1": {
                "loc": 0.0,
                "scale": 0.0,
                "lambda": 0
            }
        }
    },
    "Completed": {
        "Accepted": {
            "V3": {
                "loc": 0.0,
                "scale": 67.46981627296589,
                "lambda": 0.01482144246479421
            },
            "nan": {
                "loc": 0.0,
                "scale": 46.888888888888886,
                "lambda": 0.02132701421800948
            },
            "A2": {
                "loc": 0.0,
                "scale": 64.96330275229357,
                "lambda": 0.015393306030221722
            },
            "D1": {
                "loc": 0.0,
                "scale": 105.54545454545455,
                "lambda": 0.009474590869939707
            },
            "E1": {
                "loc": 0.0,
                "scale": 62.205128205128204,
                "lambda": 0.016075845012366034
            }
        },
        "Queued": {
            "A2": {
                "loc": 0.0,
                "scale": 54.47560975609756,
                "lambda": 0.018356839041862548
            },
            "nan": {
                "loc": 0.0,
                "scale": 45.8936170212766,
                "lambda": 0.021789522484932777
            },
            "V3": {
                "loc": 0.0,
                "scale": 42.388888888888886,
                "lambda": 0.0235910878112713
            },
            "E1": {
                "loc": 0.0,
                "scale": 55.83653846153846,
                "lambda": 0.01790941966592044
            }
        },
        "Completed": {
            "A2": {
                "loc": 0.0,
                "scale": 98.32189644416718,
                "lambda": 0.010170674449590763
            },
            "V3": {
                "loc": 0.0,
                "scale": 110.91228831958315,
                "lambda": 0.00901613351550908
            },
            "nan": {
                "loc": 0.0,
                "scale": 141.97262247838617,
                "lambda": 0.007043611525540704
            },
            "C1": {
                "loc": 8.0,
                "scale": 137.63333333333333,
                "lambda": 0.007265681763138775
            },
            "E1": {
                "loc": 0.0,
                "scale": 141.72434017595307,
                "lambda": 0.00705595100148982
            },
            "D1": {
                "loc": 0.0,
                "scale": 161.87894736842105,
                "lambda": 0.0061774555385765845
            }
        },
        "Unmatched": {
            "V3": {
                "loc": 0.0,
                "scale": 41.5,
                "lambda": 0.024096385542168676
            },
            "E1": {
                "loc": 117.0,
                "scale": 0.0,
                "lambda": 0
            }
        }
    },
    "Queued": {
        "Accepted": {
            "A2": {
                "loc": 0.0,
                "scale": 35.00243852875432,
                "lambda": 0.028569438074393168
            },
            "V3": {
                "loc": 0.0,
                "scale": 20.33239064856712,
                "lambda": 0.04918260805059206
            },
            "C1": {
                "loc": 0.0,
                "scale": 30.93581081081081,
                "lambda": 0.0323249972698482
            },
            "E1": {
                "loc": 0.0,
                "scale": 14.783157352562451,
                "lambda": 0.06764454819434525
            },
            "nan": {
                "loc": 0.0,
                "scale": 49.29,
                "lambda": 0.02028809089064719
            },
            "D1": {
                "loc": 0.0,
                "scale": 7.6477272727272725,
                "lambda": 0.13075780089153047
            }
        },
        "Queued": {
            "nan": {
                "loc": 0.0,
                "scale": 27.998567335243553,
                "lambda": 0.035716113186307116
            },
            "A2": {
                "loc": 0.0,
                "scale": 88.7964705882353,
                "lambda": 0.011261708864952237
            },
            "C1": {
                "loc": 0.0,
                "scale": 80.85321100917432,
                "lambda": 0.01236809259049132
            },
            "E1": {
                "loc": 0.0,
                "scale": 45.216814159292035,
                "lambda": 0.02211566689499951
            },
            "V3": {
                "loc": 0.0,
                "scale": 26.045671438309476,
                "lambda": 0.03839409563191918
            },
            "D1": {
                "loc": 0.0,
                "scale": 6.560669456066946,
                "lambda": 0.15242346938775508
            }
        },
        "Completed": {
            "E1": {
                "loc": 0.0,
                "scale": 179.9655172413793,
                "lambda": 0.005556620042153669
            },